image_name,vision_category,vision_code
07T8HSPEIP7O.jpg,book,0
0B86Y6FVRC1P.jpg,laptop,2
0MELMLR4L7B4.jpg,book,0
0NSZZBHAX6U9.jpg,chair,1
0Q4TJSJSWCA4.jpg,book,0
0X9P572S6CIS.jpg,laptop,2
1TTYES3CSI47.jpg,laptop,2
26DXUN1SQ6WW.jpg,book,0
28GC0LR4BAK2.jpg,chair,1
2ISRXGLWV6VY.jpg,book,0
2Z0E3IWUF8RF.jpg,book,0
397ZE2QO6PX1.jpg,laptop,2
3AJW0DI9T8CM.jpg,book,0
3FUUERCVQ34M.jpg,book,0
3KRJMXQZUJ8P.jpg,book,0
3N6CHWIQT0AJ.jpg,book,0
41FFWUONLZ69.jpg,book,0
4GXHMZTOUJZ3.jpg,laptop,2
4M0X5CE5TEAQ.jpg,laptop,2
4O3DG03WVW8H.jpg,laptop,2
57IKZVYH5XML.jpg,book,0
58B99RL711N3.jpg,book,0
59TK8KYQ53TL.jpg,book,0
5CS3N5O076LZ.jpg,laptop,2
5HW6SS1NJCCS.jpg,chair,1
5IH6FGO4SBUN.jpg,book,0
5IHYZHT62ZVW.jpg,laptop,2
5QN4E3YICKPZ.jpg,book,0
5RYIUSVJ9HE2.jpg,book,0
5TX7RT02U65X.jpg,book,0
5UIOEGLY8WBT.jpg,book,0
5W0UFGHK5O0T.jpg,chair,1
6C1YN7BKQZ10.jpg,laptop,2
6IT2QPX5LKMW.jpg,book,0
6JT2E0R7UNFQ.jpg,book,0
6RPMSXIUWPKL.jpg,chair,1
6UFUEAT6LMEE.jpg,book,0
71Y7GYLG2OHU.jpg,book,0
7EDCA05QG5S0.jpg,laptop,2
7HPIQZF9B17A.jpg,laptop,2
7SZFSMPGT39E.jpg,book,0
7YGMARBBEGST.jpg,chair,1
80JPW1OD3VJR.jpg,book,0
80WASWRXNWAJ.jpg,chair,1
88593IKGDMQW.jpg,book,0
8EVFN49ORT6N.jpg,laptop,2
8GUJ0HDEON20.jpg,book,0
8K7XJJMAR7LQ.jpg,book,0
8LKW263K7GW0.jpg,book,0
8S8VL0GYDAEX.jpg,book,0
955KSEQNW3QC.jpg,book,0
9A008V8BH4V7.jpg,laptop,2
9QETQGNOB23Z.jpg,book,0
9ZXEY5QIZF66.jpg,chair,1
A536GYIV0RUF.jpg,book,0
A5W8RVJ3UP17.jpg,laptop,2
AF5RGJU8DSTF.jpg,book,0
AJ3D3AM109N5.jpg,laptop,2
B69B0YK32BXI.jpg,laptop,2
B6AWPGOOLY0S.jpg,laptop,2
B8LEGMRY1A5H.jpg,laptop,2
B8MJPJFUGJEZ.jpg,laptop,2
BEXG239U7V61.jpg,laptop,2
BQ5OJEVFBBYD.jpg,book,0
C075AT1GTHIG.jpg,chair,1
CAKGDKLKYCKZ.jpg,laptop,2
CDCRD5BNI8T6.jpg,chair,1
CJ6847Q9XPSZ.jpg,book,0
CKYB09V4CP7J.jpg,laptop,2
CQET96V9J9B1.jpg,book,0
CWMU80QLMPRM.jpg,book,0
D43RBGQFWIBF.jpg,chair,1
DC2FG75S64WV.jpg,book,0
DH9ABS8J2MVH.jpg,book,0
DIO0198D7R3N.jpg,book,0
DPGAO7PK6BY2.jpg,book,0
DSLZGE57PFU1.jpg,book,0
DUIXV8GS62B2.jpg,book,0
DX5BEMESSLXD.jpg,book,0
E1BTY3DE9Y1C.jpg,laptop,2
EBGN6N6LXTDY.jpg,chair,1
EEO9YXKC25O9.jpg,book,0
EKOOCSHDZPRN.jpg,chair,1
EMXD15DCMKF7.jpg,book,0
ENMRWL9TBJOY.jpg,book,0
ENS64QGCC0JT.jpg,chair,1
EQ7M654J1V3F.jpg,book,0
EYNHYVZ0SWI4.jpg,laptop,2
F3EWI4MV8TSL.jpg,book,0
F9JODG0PM415.jpg,laptop,2
FLLP4I7Q3HLE.jpg,book,0
FNN9L0HTA5A2.jpg,book,0
FP3RIJXPSGHG.jpg,book,0
FY7S0SJBYDMB.jpg,chair,1
G01JA78AZA1C.jpg,book,0
G464RMDU578M.jpg,laptop,2
GM5IG8X0T03G.jpg,laptop,2
GPHOGT8BXG9X.jpg,laptop,2
GSX3AA2OEZ6P.jpg,book,0
GYAMTYRY1XJP.jpg,laptop,2
H2PPQ7OM6DEV.jpg,book,0
H2RWVQIFT7II.jpg,chair,1
H97QHWKVIZ5Z.jpg,laptop,2
HEYWJZ85SJVW.jpg,book,0
HFS3865OEKH7.jpg,laptop,2
HHACDCFPV9W9.jpg,laptop,2
HHMFOQJM1TI6.jpg,laptop,2
HJS9DNCEDQLL.jpg,book,0
HLB3VWS8VS9D.jpg,book,0
HLGVUX222NFU.jpg,laptop,2
HW0OKAD6TKNA.jpg,book,0
HWJ9ZG4A9AF0.jpg,book,0
I0FC7JNKK0EW.jpg,book,0
I2PCJWD0BG7S.jpg,book,0
IA6WAN4R70W2.jpg,book,0
IRTFGA99ST8T.jpg,laptop,2
IU6NUHNFUBC5.jpg,book,0
J744STIZ38D7.jpg,book,0
J964BR4DP3P9.jpg,laptop,2
JB0BIT7RMYKG.jpg,book,0
JD66CHMURV6O.jpg,book,0
JEJLKNF8VIHR.jpg,book,0
JPZ5SJIZB4Z3.jpg,chair,1
JQM9AOWGWIDN.jpg,book,0
JS4TJ84UQC2L.jpg,book,0
JYANX8AHKP8T.jpg,book,0
K98UW40Z7M9O.jpg,book,0
KG8Y3OLON556.jpg,book,0
KM3LBNTCR95K.jpg,book,0
KRI0Z0S59JU6.jpg,book,0
KS6FAOAEE5LG.jpg,book,0
LEMWUXX3I3JM.jpg,book,0
LMDCA4KY091L.jpg,book,0
LNBYRJ6DPRCR.jpg,book,0
LPKWGTT4YD4E.jpg,chair,1
LUAJVK87YDGG.jpg,book,0
M4FEPGZE8MTH.jpg,laptop,2
ME54JOK7B77E.jpg,book,0
MOUBDXFR48WT.jpg,chair,1
MU5F2208D6TU.jpg,chair,1
MXKUJHADC0I7.jpg,chair,1
N51T6KBBKHJ4.jpg,book,0
NBB3HV8M019U.jpg,book,0
NGAPEKOAHHIR.jpg,book,0
O0U8OKE97KYN.jpg,book,0
O9RG81WW5QVB.jpg,book,0
OPU6P5P73MZD.jpg,laptop,2
OQJ0SGBAF3NG.jpg,laptop,2
OQJC2CDSE7D1.jpg,book,0
OWB00T0CCMA0.jpg,book,0
P1GSVKIONMU9.jpg,laptop,2
PC653OZXNT8V.jpg,laptop,2
PCQ50SVWMX3A.jpg,book,0
PIS6RPUSJC8W.jpg,laptop,2
PREJ1UXYDOZY.jpg,laptop,2
PZXZ5S4X7PH6.jpg,chair,1
Q06UJTQFCKF1.jpg,book,0
Q92H1IQHHVMY.jpg,chair,1
QRG8KLSDJ7KB.jpg,book,0
QRNN0T9ZORRK.jpg,chair,1
QT9SSLN75D3R.jpg,laptop,2
QZG2BAIBMW0C.jpg,book,0
R0I1OIUD4E5J.jpg,book,0
R550E7HRL1R8.jpg,book,0
R6PLJX8KL6JP.jpg,book,0
RILQVRAMAXP4.jpg,book,0
RKCZUJ1YGU9K.jpg,book,0
RKQ0CTEYYQR1.jpg,book,0
RM7H7O4NYVT4.jpg,chair,1
RXEO0779BPQK.jpg,book,0
S0NPBLPQRY4F.jpg,chair,1
S6KZU6A85QIS.jpg,chair,1
SCC0DF8AS20I.jpg,book,0
SE5RGFCINHOL.jpg,laptop,2
SGYTGDSNI4LD.jpg,chair,1
SKS39SV71FPQ.jpg,laptop,2
TA76HGHK369V.jpg,book,0
TCICNE3UT47G.jpg,book,0
TOHV2RH0ELER.jpg,laptop,2
TQ934EBII185.jpg,chair,1
TSVYTSTL0146.jpg,chair,1
TYDDO46GI7Z3.jpg,chair,1
UPF6NGJ92M2W.jpg,chair,1
UZJP06I3QXW3.jpg,laptop,2
V5RAYC3LSAGQ.jpg,book,0
V5WWZ7SQGE3W.jpg,laptop,2
V7NVBUEK6BZS.jpg,book,0
V8E0W9SWZG4I.jpg,chair,1
VA2O1KIRPQZZ.jpg,book,0
VEN5ZIXOPAWX.jpg,book,0
VMFSKNRJKLY6.jpg,book,0
W8JIXOXC0RN9.jpg,book,0
WBW4NAJUAPI4.jpg,laptop,2
WFXS5E01N4XT.jpg,book,0
WHL3L2QPQQ8J.jpg,book,0
WRC3UUOB9VGU.jpg,book,0
WYZCN0JWYH48.jpg,book,0
X16DAMRWYZZA.jpg,book,0
X3EMLVT75I0G.jpg,chair,1
X7A8CDGMZU3I.jpg,book,0
X7U7C26FWH84.jpg,chair,1
X89BTC5535CD.jpg,laptop,2
XQF0IZEXC6UX.jpg,laptop,2
XW0FN2EL0PVN.jpg,book,0
XYDO601K66PG.jpg,book,0
Y05ZKLN7ITR4.jpg,book,0
Y0VWZPLG09RF.jpg,laptop,2
Y3G6TTQAYJNY.jpg,laptop,2
Y6CZJRD7BC9V.jpg,book,0
Y70L2FVRDSTS.jpg,book,0
YBVBBYADG2HR.jpg,chair,1
YFTFMERBYHKG.jpg,book,0
YN0WDHASBBY4.jpg,book,0
YPKZR0WQHTAT.jpg,book,0
YXELIXCV8GLF.jpg,laptop,2
Z3FW12Q45WQR.jpg,chair,1
ZBR2J0ULAUGW.jpg,book,0
ZFQ49QC0K8Z2.jpg,chair,1
ZZGP97NR76TK.jpg,book,0
0FSL56XHX45X.jpg,chair,1
0QUS9GI3FAPQ.jpg,chair,1
1D6T7WV6PR5T.jpg,chair,1
1DOJT6X8TNNV.jpg,chair,1
1JIKG3U2OBCX.jpg,chair,1
1MBTJS6M91IO.jpg,chair,1
265X15PFEDYM.jpg,laptop,2
285C8MIXT8U6.jpg,book,0
29WMPOZ03KZ4.jpg,book,0
2RWZNIF616LG.jpg,book,0
340VIR8X1RBN.jpg,chair,1
3JNNQ17KV8N3.jpg,chair,1
3NMZ0GDJ60BL.jpg,chair,1
43VGLKWPO588.jpg,chair,1
4GCE0ZSINLW9.jpg,chair,1
5RFPOUHLLXF6.jpg,book,0
5XI91C61DNOY.jpg,chair,1
6CZ3WL5K0HUG.jpg,chair,1
6WDA7M03FI79.jpg,chair,1
75E1JJQOK3L7.jpg,laptop,2
7AC8GZ7EX267.jpg,chair,1
8GF0QF9MWK64.jpg,chair,1
9T3Q8TYCDOC2.jpg,laptop,2
9TUJ59IWI05E.jpg,chair,1
AQB3DQFH1VU4.jpg,chair,1
AS9SVWC3W5AB.jpg,chair,1
B9IYY1HYI0YT.jpg,chair,1
BT5EA1FP2FN2.jpg,laptop,2
BW1FX9D8VH7A.jpg,chair,1
BXC3FN96TYT4.jpg,chair,1
C3V8J69H2RM9.jpg,book,0
CPTHXL5R9S4H.jpg,chair,1
CRWBZ8VQ4T5W.jpg,chair,1
CXUX4STZIPGS.jpg,chair,1
D7C9TSSHQDH1.jpg,chair,1
D7NDMV7N49LY.jpg,chair,1
DZFPZZKTB2TB.jpg,chair,1
E4AD9B0QLSH1.jpg,chair,1
EAWZRHMYTL60.jpg,chair,1
EMPWNKJ1MKB8.jpg,chair,1
ENZKJWEEXKDC.jpg,chair,1
ET7207LXANK6.jpg,chair,1
EYVZYF4DRKRP.jpg,chair,1
F3W6G6EQACDH.jpg,chair,1
F4AOZFSWUJXI.jpg,chair,1
FB1AK89I658O.jpg,chair,1
FF04WIXRVRUE.jpg,chair,1
FF18ND0LU1C7.jpg,chair,1
FYID6Y9MLHXD.jpg,chair,1
G9F5CPY1MESQ.jpg,chair,1
GC4F34L7NUX4.jpg,chair,1
GPK98V48NJJJ.jpg,laptop,2
GSF7RME8BWMW.jpg,chair,1
H2HGBY1860D1.jpg,chair,1
HAC0AXW2TX92.jpg,chair,1
HGJKFDDMLBNA.jpg,laptop,2
HRDQKS6JZ93D.jpg,chair,1
IXGJP9KEM3BO.jpg,chair,1
J0PAHFASV26G.jpg,chair,1
J49VLVT4PW4Q.jpg,laptop,2
J9U3S28XSHPH.jpg,chair,1
JY6QE4SPB4Z7.jpg,chair,1
K3R8Q533B1MZ.jpg,book,0
K7TVV8ADW421.jpg,chair,1
KS8CBJC7691Q.jpg,book,0
KXANU18RV37M.jpg,chair,1
LA3YC9QVN3G4.jpg,laptop,2
M4NS5RKVY607.jpg,chair,1
MG6L2IQLKWGF.jpg,chair,1
MKZ041M4GTFD.jpg,chair,1
MSO45XWZJ7SB.jpg,chair,1
NWSG19RP1SGJ.jpg,chair,1
OBMKCES7VBXX.jpg,chair,1
OCSZ0982WAPI.jpg,chair,1
OGDZXAGTLPWJ.jpg,chair,1
OKENVIDOE5E9.jpg,chair,1
OM9TRYIV8M7Z.jpg,chair,1
OZHAPHE41T9V.jpg,chair,1
P420OZYQ980J.jpg,chair,1
PAPBZZYFXANF.jpg,chair,1
PN94KL2IEJU4.jpg,chair,1
Q35EDNW2SCAT.jpg,chair,1
QAEEIN93MA8Z.jpg,chair,1
QCV6ZO4WL3EZ.jpg,chair,1
QKW5FKG2N9M0.jpg,chair,1
RQV473E4WVYC.jpg,chair,1
S2WYCOB7KYBI.jpg,chair,1
SFB07FRG7CNE.jpg,chair,1
SHYUDXY3M23O.jpg,chair,1
T36R2XMY9DP0.jpg,chair,1
TMG121YI2RZA.jpg,chair,1
TP2MWJ5DKUJH.jpg,chair,1
TPOCA8U1RPM7.jpg,chair,1
TRA6S90HBZHW.jpg,chair,1
TRJPA299TDJ6.jpg,chair,1
UCF06P5TPQXS.jpg,chair,1
UJN7OOQ6O16H.jpg,laptop,2
UJUS2V6G8DCG.jpg,laptop,2
UOBV6KBZCLZQ.jpg,book,0
UVANOBH2TSS9.jpg,book,0
V0PTMUSG2BJ5.jpg,chair,1
VEU3OSCJT2J3.jpg,laptop,2
VFEQ85L47M0I.jpg,chair,1
VG0000KTOC4S.jpg,book,0
W07I1FUKYUBN.jpg,chair,1
W1ABM2U7RUAT.jpg,chair,1
W40HJRG8IDT8.jpg,book,0
W6NYIOOJU0AP.jpg,laptop,2
WANA2FWCK63O.jpg,book,0
WGZJGBQ7FXXT.jpg,chair,1
WKGL2U17JJ1H.jpg,chair,1
WVU9ZLQO9IVC.jpg,chair,1
WZCCI3FIS9XM.jpg,laptop,2
X0UCLYGYLGQ1.jpg,chair,1
X1LE9NEBPR9A.jpg,book,0
XA87TUZI5FXX.jpg,chair,1
XPO3I3R06T0A.jpg,chair,1
Y7I1EGVOLEN3.jpg,chair,1
YE4QKVRBCJ24.jpg,laptop,2
YFJHYTZIIK93.jpg,chair,1
YPNY6K0KSSV6.jpg,chair,1
ZAIPXCSN9M11.jpg,chair,1
ZHHXQ00W2WP7.jpg,chair,1
ZJ9W3QX7F76J.jpg,chair,1
ZNJ1D1H3IAPT.jpg,chair,1
ZPFOUJF4ZXJ3.jpg,chair,1
ZQAOHEQYPS1U.jpg,book,0
1KDA09XT8K5U.jpg,laptop,2
1R5OFI5P96HA.jpg,chair,1
1TT4TPWT6CAD.jpg,laptop,2
26DW4FF7RQPO.jpg,laptop,2
27SJLRC6GFBY.jpg,book,0
2QF69LMMC2V3.jpg,chair,1
2WQFQH43SXV0.jpg,laptop,2
2Z1FSNMV4Y3T.jpg,laptop,2
34PVQJDO6MUC.jpg,chair,1
36JWP23ZI8AD.jpg,laptop,2
39S4DVCS52I9.jpg,laptop,2
3BN7FR26Q63X.jpg,laptop,2
3E2561MEEL7V.jpg,laptop,2
3E59YOK0KSCP.jpg,laptop,2
3HMXUKUU2NLA.jpg,laptop,2
3KGDHVFFVLNQ.jpg,laptop,2
3M4FIZN6Z5YE.jpg,chair,1
3MD3UMCVSLG9.jpg,laptop,2
3MZ3K2ZE7IZW.jpg,laptop,2
3V1R7KN86MIA.jpg,laptop,2
40NKLSAJJAYO.jpg,laptop,2
42S67Z9XT8JA.jpg,laptop,2
440HRKOSLS9V.jpg,laptop,2
4C64VY3I3GX7.jpg,chair,1
4CZ5IB52F7J5.jpg,laptop,2
4KBD4H1Y9HMW.jpg,laptop,2
4L4DSRAGRG3B.jpg,chair,1
4LICM9DZOIG6.jpg,laptop,2
4M3INQTIXMUF.jpg,laptop,2
4OMQVJCV7EM5.jpg,laptop,2
4R4FJ2R3696H.jpg,book,0
4TRRWAXRH03F.jpg,laptop,2
4V0M8YT806HG.jpg,laptop,2
50MPGRU3EJYG.jpg,laptop,2
56DHUTDQQMIQ.jpg,laptop,2
5AMGJM7I67WJ.jpg,book,0
5B2DZEGXMYFM.jpg,laptop,2
5CIL7P6B9B6W.jpg,chair,1
5FTXVUM22WJ9.jpg,laptop,2
5QEFPD7IFVZR.jpg,laptop,2
5TFSZ5OB5IS4.jpg,laptop,2
5W58VGRMZSQW.jpg,laptop,2
60CYP4HC4OTL.jpg,laptop,2
6562UJSI738X.jpg,laptop,2
714E7HTRTLXX.jpg,laptop,2
7191YILXZ6K0.jpg,chair,1
773RSENRZYI5.jpg,laptop,2
7HEABXKNK5H4.jpg,laptop,2
7HVGXDD97I1N.jpg,laptop,2
7IJ0GI4196FO.jpg,book,0
7OVMUZ50NZZI.jpg,laptop,2
7REALDJQG2HO.jpg,laptop,2
7RQWB3ZQXJKL.jpg,laptop,2
7RVIN655WAPT.jpg,laptop,2
7SVLNTUWSY7B.jpg,laptop,2
7TDD88L7BBVC.jpg,book,0
7UAJBU1CQI6M.jpg,laptop,2
7UJ998KMS2AA.jpg,laptop,2
7Z1B2KNCWK2Z.jpg,book,0
862OL1W5WOUV.jpg,laptop,2
8635I1KWOW41.jpg,book,0
899W53NYEYDQ.jpg,laptop,2
8CDHMJ40IDHM.jpg,laptop,2
8HSGLJD0KAUA.jpg,laptop,2
8JV1JAKU3HDE.jpg,book,0
8K06C9ELD42Y.jpg,laptop,2
8TH3IHM4Y323.jpg,laptop,2
8W8JF0EJ0RY0.jpg,laptop,2
8WP0CZNHKLWE.jpg,laptop,2
8ZV11E89VZOP.jpg,laptop,2
9DBAPBPNMIXC.jpg,laptop,2
9HM0ARLFNBA7.jpg,laptop,2
9HONP2EAQF34.jpg,laptop,2
9K4T5D731SCP.jpg,laptop,2
9O57EH0ZUSQ9.jpg,laptop,2
ACFNLAGJ15UZ.jpg,laptop,2
AF7K1ROACGUZ.jpg,laptop,2
AH8C5OQBRFAP.jpg,book,0
AQLQZ9HP4KD3.jpg,book,0
AUZ83ZQPB5SF.jpg,laptop,2
AW4GI73PNSJE.jpg,book,0
AYXB5VFHU8MP.jpg,laptop,2
B0SL00HCV9RX.jpg,chair,1
B5GGESZBLNSE.jpg,laptop,2
B8M04MM76A87.jpg,laptop,2
B9H8K7SPX0M1.jpg,laptop,2
B9NTXDMU86Z8.jpg,chair,1
BC39GABN3VAB.jpg,laptop,2
BEV441O08GFX.jpg,chair,1
BK6B25AXEP7M.jpg,laptop,2
BKSWXFTTY1KP.jpg,chair,1
BLZI8OF6C43C.jpg,book,0
BM6QFD6WA8TY.jpg,laptop,2
BMD1B2GACMPX.jpg,laptop,2
BOTBQYEO12MW.jpg,laptop,2
BOWWPDG8C7Y8.jpg,book,0
BPY45CSXLU7N.jpg,laptop,2
BR8PLEZFK2R7.jpg,book,0
BRDBZW0CNA6C.jpg,laptop,2
BW1LWIKHLZTI.jpg,book,0
BW2SNIGUTDY6.jpg,laptop,2
BZY0QO5ZUKJS.jpg,laptop,2
C76H9GAK9DKH.jpg,laptop,2
C7UTNV6I3R9M.jpg,chair,1
CK3J600RGN3M.jpg,chair,1
CMF7DGETQMZD.jpg,laptop,2
CNF8ZVRZ0JIK.jpg,laptop,2
CP328BARAMWQ.jpg,laptop,2
CPYGYBSSI97I.jpg,laptop,2
CTZC8ZWQ1X5V.jpg,chair,1
CVRS6S49EN0C.jpg,chair,1
CZK36GB4X4IU.jpg,laptop,2
DM0NZNGMM834.jpg,laptop,2
DNVIRCS0JWFZ.jpg,laptop,2
DOK5R9WFOA90.jpg,laptop,2
DPSOOL9BPV65.jpg,laptop,2
DPUH7T54JIGY.jpg,laptop,2
DPXC927Q1IR5.jpg,laptop,2
DR7QYP8F6116.jpg,laptop,2
DUKTJ1F11TA0.jpg,laptop,2
DVGNAY9E6GEO.jpg,laptop,2
DY703THEC38X.jpg,book,0
E0OXZLO049UF.jpg,laptop,2
E20UGQ96YGW0.jpg,laptop,2
E5N9WVA07EPO.jpg,laptop,2
E6RKYGY0OGT2.jpg,laptop,2
E710QVFSAGWX.jpg,laptop,2
EA2NQJC0BOET.jpg,laptop,2
EA9SAHRH5JST.jpg,laptop,2
EFC5D28GBIJE.jpg,chair,1
EJ4JKVMDJHGX.jpg,laptop,2
EMDMKD4W2UJ1.jpg,laptop,2
EO5G34K3U3WK.jpg,chair,1
EOCONNP35025.jpg,laptop,2
EQSP3IWH69TA.jpg,laptop,2
EUGO49KXYP0G.jpg,laptop,2
EUPP74BTWC5L.jpg,laptop,2
EUQXS0F1I4FQ.jpg,laptop,2
EVY0DOEYLX6S.jpg,laptop,2
EWKBBW0RLUG1.jpg,laptop,2
F4R6EHSAG46O.jpg,laptop,2
F4ZVUMNFTV08.jpg,laptop,2
F9GSE5V9RG42.jpg,laptop,2
FAI2TVGG308O.jpg,laptop,2
FEDQZBDE26KZ.jpg,laptop,2
FGN6HL8HKH0F.jpg,laptop,2
FHGYZGC82JMX.jpg,laptop,2
FQBVDM8YTZ7A.jpg,laptop,2
FQDV2LQW6I2C.jpg,laptop,2
FVBSNJM7YC4Y.jpg,laptop,2
FZ5A3L04LWSZ.jpg,laptop,2
G1XBGVN2RA1K.jpg,chair,1
G25XCZV8WT38.jpg,book,0
G6BLNOL26ASG.jpg,chair,1
G8KZ0KC1RMMU.jpg,chair,1
G8UOR9MY5KNH.jpg,laptop,2
ILUPWIT0Y6MY.jpg,laptop,2
IOXV61C89K6I.jpg,laptop,2
ISIM9RZGCNBF.jpg,laptop,2
ITFPNMGVD0JS.jpg,laptop,2
IYWYPJX4OWOS.jpg,chair,1
J3FIOXEI9EJT.jpg,laptop,2
J7URVBUQVRIQ.jpg,laptop,2
J8ACY9ZMFDNM.jpg,laptop,2
J9P4YJROPRL9.jpg,laptop,2
JCMC8HJN3OFV.jpg,laptop,2
JCMJO3KWBUW0.jpg,laptop,2
JEMARI82ZHRG.jpg,laptop,2
JGY2LK2P1EZ4.jpg,laptop,2
JI83JC6XZSMC.jpg,laptop,2
JI9BVQWIE0VJ.jpg,laptop,2
JIL2IG1SWDRQ.jpg,book,0
JMS6Q8DNUN85.jpg,laptop,2
JNKHHVBBYTN2.jpg,chair,1
JNM68U0JUVYO.jpg,laptop,2
JQS03JJ0J79U.jpg,laptop,2
JQXKKXU81HK2.jpg,laptop,2
JS5GOO47WRGD.jpg,laptop,2
JU0YH750M6QB.jpg,laptop,2
JVW1MCOL97NO.jpg,chair,1
JZJL87PTOTUO.jpg,laptop,2
O98K5XHB1UOT.jpg,laptop,2
OBMR4BCX1RE5.jpg,laptop,2
OCV69FLXLSJL.jpg,laptop,2
ODIXOP98BJ5A.jpg,laptop,2
OF3BWE99C603.jpg,laptop,2
OIKTV0L1D548.jpg,laptop,2
OIYEDFGT5UPS.jpg,laptop,2
OL1Q9709C2V7.jpg,chair,1
OPWMZ94RDNTB.jpg,laptop,2
OQKTNQXF1UT3.jpg,laptop,2
ORY3FE8A3Q3W.jpg,laptop,2
OS6TZQTM9P4G.jpg,book,0
OS8ZMEKKSJEU.jpg,laptop,2
OXQ579V3KIZX.jpg,laptop,2
OZWB2T25OH2X.jpg,chair,1
P5VN79YFE7QW.jpg,laptop,2
PBLYDK88L8NG.jpg,laptop,2
PGGZPJ3BK58B.jpg,chair,1
PJMD0971N99Q.jpg,book,0
TEJ4C6LLZPTV.jpg,laptop,2
TH6V5GUMWBE2.jpg,laptop,2
TI29X2U1PUYA.jpg,laptop,2
TLPY0ZZN9VF8.jpg,laptop,2
TXV16KV3MXOZ.jpg,book,0
U5I34SDFQDUU.jpg,laptop,2
U7ON0NGD5EU4.jpg,laptop,2
U9RL1CG8WXKK.jpg,laptop,2
UCZHXLV9C1G3.jpg,laptop,2
UJFYAKVJCMBT.jpg,chair,1
UJJASQIUUJ55.jpg,chair,1
UMSZB6XBYTEV.jpg,laptop,2
UP0MZ4BAZ8UF.jpg,chair,1
URSAL6A58KIL.jpg,laptop,2
V3B5GJDN5ENN.jpg,laptop,2
V4WQ31H9EUR5.jpg,laptop,2
V5JB79BJ7H6X.jpg,book,0
VBHCE2HV4HXX.jpg,chair,1
VBKADT1HTK89.jpg,laptop,2
VFHP5TYUCMA7.jpg,laptop,2
VKZ10LMTX6EZ.jpg,laptop,2
VP8N4BK6NER9.jpg,book,0
VPXFEPKBWGPH.jpg,laptop,2
VQ617FODPLAH.jpg,laptop,2
VS8YB0SGEIYC.jpg,laptop,2
VXAP5XQ46NGC.jpg,laptop,2
VYV5KH1M1I8Q.jpg,laptop,2
W3NWQG5XBLI1.jpg,laptop,2
W4BKNOYU7XL3.jpg,book,0
W5U77TTFOYJI.jpg,laptop,2
W5WEX0ZFZCQS.jpg,laptop,2
W6XT4QDYRPOT.jpg,book,0
W9SX3EF7TEHS.jpg,laptop,2
WC3N5MHHUH1Z.jpg,book,0
WCDZWI2XHE0A.jpg,book,0
WCY9DS0LAQ20.jpg,laptop,2
WGKLYXQAQBP6.jpg,chair,1
WMFSMG33UNKA.jpg,laptop,2
WMNVBCXBWR5D.jpg,laptop,2
WMX4W5Q2BC8C.jpg,chair,1
WPL9K8VJAKH8.jpg,laptop,2
WSPQ0TJBW5GT.jpg,laptop,2
WTVH3KKULDTV.jpg,laptop,2
X027CD0RUOWK.jpg,laptop,2
X0I9VIIQJ9EB.jpg,chair,1
X247MYZ4FU3F.jpg,laptop,2
X2ZCFV6IER6S.jpg,chair,1
X8UJ7JEP49BQ.jpg,laptop,2
X8WCQ1555JCP.jpg,laptop,2
XA3KZ0EPAJ0H.jpg,laptop,2
XATZ8MLFP0PC.jpg,laptop,2
XDFIHCKV69WZ.jpg,chair,1
XGBO3QUM722A.jpg,laptop,2
XGPF2JXJYWNA.jpg,laptop,2
XJITQBYTAHU6.jpg,laptop,2
XJNL0H26UWTZ.jpg,laptop,2
XKEHLPW2G2VY.jpg,chair,1
XQQI0KVL7JZU.jpg,laptop,2
XVXLBS964AMF.jpg,laptop,2
XWRKW2MRAYA0.jpg,laptop,2
Y3DGEXF0URQA.jpg,book,0
Y7U06XSDVKBS.jpg,laptop,2
YEJUG1CU3RIT.jpg,laptop,2
YEOL0MTMO433.jpg,laptop,2
YH76DSDVEV62.jpg,book,0
YJ8JRXH779WN.jpg,laptop,2
YO7BLR50G8U1.jpg,laptop,2
YPIB6KGGTN1N.jpg,book,0
YRO31CJNEM0Z.jpg,chair,1
